{"Centroids":[[6,7.13,67.33],[9,10.06,73.17],[0,3.21,50.07]],"DataToClusterMapping":[2,2,2,2,2,2,2,2,2,2,2,2,2,2,2,2,2,2,2,2,2,2,2,2,2,2,2,2,2,2,2,2,2,2,2,2,2,2,2,2,2,2,2,2,2,2,2,2,2,2,2,2,2,2,2,2,2,2,2,2,2,2,2,2,2,0,0,0,0,0,0,0,0,0,0,0,0,0,0,0,0,0,0,0,0,0,0,0,0,0,0,0,0,0,0,0,0,0,0,0,0,0,0,0,0,0,0,0,0,0,0,0,0,0,0,0,0,0,0,0,0,0,0,0,0,0,0,0,0,0,0,0,0,0,0,0,0,0,0,0,0,0,0,0,0,0,0,0,0,0,0,0,0,0,0,0,0,0,0,0,0,0,0,0,0,0,0,0,0,0,0,0,0,0,0,0,0,0,0,0,0,0,0,0,0,0,0,1,1,1,1,1,1,1,1,1,1,1,1,1,1,1,1,1,1,1,1,1,1,1,1,1,1,1,1,1,1,1,1,1,1,1,1,1,1,1,1,1,1,1,1,1,1,1,1,1,1,1,1,1,1,1,1,1,1,1,1,1,1,1,1,1,1,1,1,1,1,1,1,1,1,1,1,1,1,1,1,1,1,1,1,1,1,1,1,1,1,1,1,1,1,1,1,1,1,1,1,1,1,1,1,1,1,1,1,1,1,1,1,1,1,1,1,1,1,1,1,1,1],"InClusterMaxDistance":[7.2059003601215563,4.9436828377233075,1.2901550294441364],"NumberOfClusters":3,"RawData":[[0,3.25,50.5],[0,3.8,49.7],[0,4.5,50.05],[0,2.7,49.74],[0,2.8,49.96],[0,3.5,50.27],[0,3.15,50.23],[0,3.46,49.83],[0,3.24,50.27],[0,2.93,49.63],[0,2.97,50.27],[0,3.37,49.64],[0,2.93,50.29],[0,3.57,50.05],[0,2.93,50.16],[0,3.56,49.83],[0,2.91,50.26],[0,3.15,49.93],[0,3.04,50.27],[0,3.37,49.8],[0,2.94,50.3],[0,3.27,51.3],[0,2.93,50.15],[0,3.4,50.81],[0,2.9,50.28],[0,3.8,50.19],[0,3.45,50.54],[0,3.76,50.9],[0,3.54,50.06],[0,3.23,51.14],[0,3.27,49.86],[0,3.67,51.13],[0,3.23,49.85],[0,3.87,50.74],[0,3.23,50.39],[0,3.86,50.83],[0,3.21,50.07],[0,3.45,50.83],[0,3.34,50.16],[0,3.67,50.97],[0,3.24,50],[0,3.57,49.2],[0,3.23,49.55],[0,3.7,49.24],[0,3.2,49.46],[0,2.7,49.77],[0,3.05,49.73],[0,2.74,49.33],[0,2.96,49.77],[0,3.27,49.13],[0,3.23,49.77],[0,2.83,49.14],[0,3.27,49.79],[0,2.63,49.55],[0,3.27,49.66],[0,2.64,49.33],[0,3.29,49.76],[0,3.05,49.43],[0,3.16,49.77],[0,2.83,50.8],[0,3.26,50.45],[0,2.93,50.76],[0,3.27,50.54],[0,2.8,50.23],[0,3.3,50.27],[3,6,61],[3,5.4,61.35],[3,5.75,61.04],[3,5.44,61],[3,5.4,61.35],[3,5.75,61.04],[3,5.44,61.26],[3,5.66,61.57],[3,5.97,61.53],[3,5.93,61.13],[3,5.53,61.57],[3,5.97,60.93],[3,5.33,61.57],[3,5.97,60.94],[3,5.34,61.59],[3,5.99,61.35],[3,5.75,61.46],[3,5.86,61.13],[3,5.53,61.56],[3,5.96,61.23],[3,5.63,61.57],[3,6.8,61.1],[3,6.45,61.6],[3,6.76,61.8],[3,6.8,61.8],[3,6.45,61.45],[3,6.76,61.76],[3,6.54,61.8],[3,6.23,61.45],[3,6.27,61.76],[3,6.67,61.54],[3,6.23,61.23],[3,6.87,61.27],[3,6.23,61.67],[3,6.86,61.23],[3,6.21,61.87],[3,6.45,61.23],[3,6.34,61.86],[3,6.67,61.21],[3,6.24,61.45],[3,6.57,61.34],[3,6.5,61.67],[3,6.15,61.24],[3,6.46,61.57],[3,6.5,61.23],[3,6.15,61.7],[3,6.46,61.2],[3,6.24,61.5],[3,5.93,61.15],[3,5.97,61.46],[3,6.37,61.5],[3,5.93,61.15],[3,6.57,61.46],[3,5.93,61.24],[3,6.56,60.93],[3,5.91,60.97],[3,6.15,61.37],[3,6.04,60.93],[3,6.37,61.57],[3,5.94,60.93],[3,6.27,61.56],[6,7.2,67.4],[6,7.55,67.75],[6,7.24,67.44],[6,7.2,67.4],[6,7.55,67.75],[6,7.24,67.44],[6,7.46,67.66],[6,7.77,67.97],[6,7.73,67.93],[6,7.33,67.53],[6,7.77,67.97],[6,7.13,67.33],[6,7.77,67.97],[6,7.14,67.34],[6,7.79,67.99],[6,7.55,67.75],[6,7.66,67.86],[6,7.33,67.53],[6,7.76,67.96],[6,7.43,67.63],[6,7.77,67.97],[6,7.3,67.5],[6,7.8,68],[6,8.6,68.6],[6,8.25,68.25],[6,8.56,68.56],[6,8.6,68.6],[6,8.25,68.25],[6,8.56,68.56],[6,8.34,68.34],[6,8.03,68.03],[6,8.07,68.07],[6,8.47,68.47],[6,8.03,68.03],[6,8.67,68.67],[6,8.03,68.03],[6,8.66,68.66],[6,8.01,68.01],[6,8.25,68.25],[6,8.14,68.14],[6,8.47,68.47],[6,8.04,68.04],[6,8.37,68.37],[6,8.03,68.03],[6,8.3,68.5],[6,7.95,68],[6,8.26,68.3],[6,8.3,67.95],[6,7.95,68.26],[6,8.26,68.3],[6,8.04,67.95],[6,7.73,68.26],[6,7.77,68.04],[6,8.17,67.73],[6,7.73,67.77],[6,8.37,68.17],[6,7.73,67.73],[6,8.36,68.37],[6,7.71,67.73],[6,7.95,68.36],[6,7.84,67.71],[9,8.6,71.6],[9,8.95,71.95],[9,8.64,71.64],[9,8.6,71.6],[9,8.95,71.95],[9,8.64,71.64],[9,8.86,71.86],[9,9.17,72.17],[9,9.13,72.13],[9,8.73,71.73],[9,9.17,72.17],[9,8.53,71.53],[9,9.17,72.17],[9,8.54,71.54],[9,9.19,72.19],[9,8.95,71.95],[9,9.06,72.06],[9,8.73,71.73],[9,9.16,72.16],[9,8.83,71.83],[9,9.17,72.17],[9,10,71.7],[9,9.65,72.2],[9,9.96,73.1],[9,10,72.75],[9,9.65,73.06],[9,9.96,73.1],[9,9.74,72.75],[9,9.43,73.06],[9,9.47,72.84],[9,9.87,72.53],[9,9.43,72.57],[9,10.07,72.97],[9,9.43,72.53],[9,10.06,73.17],[9,9.41,72.53],[9,9.65,73.16],[9,9.54,72.51],[9,9.87,72.75],[9,9.44,72.64],[9,9.77,72.97],[9,9.43,72.54],[9,9.9,72.87],[9,9.7,72.53],[9,9.35,72.8],[9,9.66,72.45],[9,9.7,72.76],[9,9.35,72.8],[9,9.66,72.45],[9,9.44,72.76],[9,9.13,72.54],[9,9.17,72.23],[9,9.57,72.27],[9,9.13,72.67],[9,9.77,72.23],[9,9.13,72.87],[9,9.76,72.23],[9,9.11,72.86],[9,9.35,72.21],[9,9.24,72.45],[9,9.57,72.34],[12,9.7,75.7],[12,10.05,76.05],[12,9.74,75.74],[12,9.7,75.7],[12,10.05,76.05],[12,9.74,75.74],[12,9.96,75.96],[12,10.27,76.27],[12,10.23,76.23],[12,9.83,75.83],[12,10.27,76.27],[12,9.63,75.63],[12,10.27,76.27],[12,9.64,75.64],[12,10.29,76.29],[12,10.05,76.05],[12,10.16,76.16],[12,9.83,75.83],[12,10.26,76.26],[12,9.93,75.93],[12,10.27,76.27],[12,11,75.8],[12,10.65,76.3],[12,10.96,76.9],[12,11,76.55],[12,10.65,76.86],[12,10.96,76.9],[12,10.74,76.55],[12,10.43,76.86],[12,10.47,76.64],[12,10.87,76.33],[12,10.43,76.37],[12,11.07,76.77],[12,10.43,76.33],[12,11.06,76.97],[12,10.41,76.33],[12,10.65,76.96],[12,10.54,76.31],[12,10.87,76.55],[12,10.44,76.44],[12,10.47,76.77],[12,10.13,76.34],[12,10.6,76.67],[12,10.1,76.33],[12,10.66,76.6],[12,10.7,76.25],[12,10.35,76.56],[12,10.66,76.6],[12,10.44,76.25],[12,10.13,76.56],[12,10.17,76.34],[12,10.57,76.03],[12,10.13,76.07],[12,10.77,76.47],[12,10.13,76.03],[12,10.76,76.67],[12,10.11,76.03],[12,10.35,76.66],[12,10.24,76.01],[12,10.57,76.25],[12,10.14,76.14]]}