{"Centroids":[[0,2,2.5],[10,8,8],[24,22,25]],"DataToClusterMapping":[0,0,1,2,0,2,2,1,2,2,1,1],"InClusterMaxDistance":[1.6583123951777,3.0413812651491097,6.164414002968976],"NumberOfClusters":3,"RawData":[[1,3,2],[0,2,2.5],[9,7,10],[25,20,23],[0.5,1.5,1],[27,22,24],[25,28,26],[8,9,9],[26,23.5,27],[24,22,25],[10,8,8],[10.5,11,8]]}